{
  "tatums": {
    "start": 270959.9,
    "duration": 2213.4399999999914,
    "confidence": 0.084,
    "index": 797,
    "elapsed": null,
    "progress": null
  },
  "segments": {
    "start": 270616.8,
    "duration": 2556.539999999984,
    "confidence": 0.105,
    "loudness_start": -59.05,
    "loudness_max_time": 20.27,
    "loudness_max": -57.014,
    "loudness_end": -59.661,
    "pitches": [
      0.405,
      0.385,
      0.224,
      0.13,
      0.185,
      0.233,
      0.27,
      0.193,
      0.121,
      0.213,
      0.937,
      1
    ],
    "timbre": [
      1.551,
      165.667,
      -6.959,
      -11.026,
      26.52,
      -47.264,
      4.84,
      8.038,
      -22.689,
      0.045,
      -9.155,
      -10.82
    ],
    "index": 1094,
    "elapsed": null,
    "progress": null
  },
  "beats": {
    "start": 270624.7,
    "duration": 2548.6399999999776,
    "confidence": 0.084,
    "index": 398,
    "elapsed": null,
    "progress": null
  },
  "bars": {
    "start": 267930.88,
    "duration": 5242.459999999994,
    "confidence": 0,
    "index": 98,
    "elapsed": null,
    "progress": null
  },
  "sections": {
    "start": 263879.3,
    "duration": 9294.039999999995,
    "confidence": 1,
    "loudness": -37.041,
    "tempo": 88.865,
    "tempo_confidence": 0.384,
    "key": 2,
    "key_confidence": 0.377,
    "mode": 1,
    "mode_confidence": 0.593,
    "time_signature": 4,
    "time_signature_confidence": 1,
    "index": 8,
    "elapsed": null,
    "progress": null
  }
}